# DEM 100x100, elevation range [30.0-80.0] m, seed=42
68.45,51.37,66.43,53.37,40.42,68.86,63.84,65.80,39.76,56.17,61.48,73.65,68.78,59.67,55.62,56.24,60.11,50.91,65.48,63.47,59.94,58.99,71.96,70.97,70.06,59.06,60.96,53.01,54.85,73.26,69.28,63.46,56.55,62.43,61.93,54.00,49.86,57.50,51.93,65.04,60.94,64.03,64.10,57.42,61.66,63.44,48.36,58.02,52.70,44.08,42.23,53.16,56.21,56.38,54.81,57.06,53.24,43.43,44.20,54.70,47.26,44.71,47.00,53.75,50.08,47.15,44.66,41.62,42.78,47.77,42.78,53.83,44.05,37.19,38.88,43.74,46.21,48.38,58.58,54.16,44.14,50.36,39.67,42.37,30.00,46.92,48.19,34.73,43.34,45.41,56.88,44.00,49.00,43.50,59.11,53.33,37.68,43.25,69.56,73.33
62.76,46.84,74.29,65.48,59.89,50.74,47.44,49.25,71.80,58.25,50.16,57.11,55.58,53.51,67.41,70.06,62.56,62.62,64.39,68.36,64.19,50.18,60.74,49.55,59.09,51.50,53.25,53.56,54.95,63.95,69.09,58.89,54.43,53.05,56.84,73.28,61.71,55.56,52.01,64.56,65.01,69.55,56.79,57.58,48.51,59.25,56.85,53.47,56.13,61.97,52.21,55.23,51.70,52.29,52.80,50.35,57.28,53.91,41.57,45.41,56.53,45.22,46.19,44.64,58.25,54.88,41.92,56.10,54.28,43.24,42.77,52.34,42.06,34.41,41.01,58.48,61.46,59.78,54.71,59.54,47.84,39.34,56.84,47.12,47.30,34.44,54.72,46.16,57.11,44.48,45.56,56.94,37.09,46.02,56.40,60.64,42.73,54.74,56.99,59.80
50.05,48.56,45.61,52.21,46.23,63.48,47.22,59.45,69.09,60.20,56.17,70.38,68.81,65.36,52.01,56.01,69.07,62.53,56.31,63.14,74.47,69.26,53.96,70.09,49.67,65.16,63.65,50.46,51.51,61.54,71.63,64.25,76.15,69.12,61.89,56.29,47.51,59.85,66.21,57.78,57.23,64.41,65.10,65.05,51.01,48.27,52.68,57.94,63.20,62.00,54.58,43.79,53.47,53.12,52.05,36.74,46.34,49.95,52.01,53.86,41.02,50.53,43.48,37.71,45.81,39.75,31.89,32.79,34.84,35.81,39.08,50.01,39.60,42.22,43.42,56.89,51.71,39.63,40.99,40.18,40.31,50.48,45.66,40.43,44.78,50.00,43.24,48.36,45.12,55.52,40.16,53.90,56.56,62.61,60.33,52.31,50.50,52.75,39.42,41.22
54.79,58.83,46.78,56.35,62.05,49.29,50.68,51.59,50.32,54.72,51.03,58.37,51.18,64.33,66.47,55.67,74.28,65.00,53.37,56.36,64.60,74.60,69.46,69.81,58.73,66.18,60.79,64.46,59.53,69.25,66.41,54.24,54.11,50.27,57.36,62.97,64.61,54.35,70.49,67.19,61.81,61.08,61.76,63.59,48.11,51.53,51.43,52.99,57.10,55.96,57.51,49.36,57.23,59.27,61.82,48.02,59.09,52.29,46.78,35.90,50.43,47.13,47.61,47.57,45.27,58.42,56.51,44.64,44.04,42.18,38.14,39.86,48.46,47.51,45.97,51.85,50.85,52.28,54.01,48.82,46.40,61.97,55.07,52.27,38.14,55.18,56.21,38.00,55.11,50.30,35.36,47.97,62.27,44.61,48.68,44.10,42.41,70.93,57.00,60.36
69.27,66.55,54.69,64.72,43.12,68.14,61.55,60.20,47.46,64.54,41.96,51.36,50.92,68.39,58.01,69.56,65.40,47.94,53.09,51.59,59.60,64.45,59.48,61.94,57.65,71.75,74.46,67.57,67.01,60.10,44.83,52.67,51.59,64.51,61.16,67.94,64.71,56.29,63.41,54.91,56.90,66.61,61.59,49.67,51.65,49.43,54.82,61.08,54.48,43.26,47.80,59.10,60.90,59.49,60.18,56.52,49.35,50.10,51.07,50.72,54.01,49.57,59.44,51.57,45.23,47.17,42.60,40.07,36.13,40.32,44.75,42.90,52.02,48.18,41.48,39.37,35.82,42.57,43.40,36.82,44.08,48.38,40.52,45.13,50.86,51.17,50.36,49.19,40.06,58.10,49.60,49.71,55.96,44.39,54.69,57.06,69.12,60.64,58.24,56.39
58.92,51.92,59.55,56.27,48.46,47.56,65.60,43.07,55.30,56.42,54.66,53.02,66.51,50.68,68.70,65.70,62.11,54.33,63.55,49.11,59.41,68.83,74.81,62.03,61.29,65.24,67.27,61.93,53.96,49.42,52.41,59.26,56.06,59.58,70.67,73.34,65.68,67.66,68.30,54.92,53.99,55.93,58.62,57.21,50.35,54.57,49.24,52.37,56.86,50.56,43.88,53.51,55.27,53.94,45.22,41.46,52.49,54.21,50.45,50.79,58.29,40.95,36.34,48.88,47.24,50.94,54.42,44.85,59.24,51.17,56.88,48.97,55.78,48.27,42.96,47.12,40.96,44.95,53.42,52.33,35.05,37.36,41.66,34.72,58.40,48.91,42.13,48.96,39.56,45.74,49.48,54.11,59.82,55.36,53.87,57.06,64.19,53.37,67.55,65.77
64.80,45.70,60.39,57.23,61.07,61.17,71.70,65.17,56.74,67.17,61.63,54.01,52.85,52.97,65.02,57.49,75.06,56.07,66.75,61.09,64.58,54.04,70.08,69.72,69.07,63.12,49.44,56.67,52.74,57.11,65.59,62.77,66.70,75.71,62.75,56.27,52.25,53.13,62.31,62.97,50.70,62.12,58.15,49.10,61.17,63.12,53.35,53.65,58.03,58.19,52.41,53.98,51.65,46.48,51.33,47.70,44.87,42.52,55.74,54.39,59.21,49.33,44.03,44.06,45.34,57.21,57.25,50.86,46.19,52.42,54.65,38.70,40.98,41.45,39.64,30.88,39.47,44.96,40.91,42.44,52.61,49.65,50.63,43.77,53.87,41.79,47.45,52.93,48.23,50.19,54.30,50.99,47.04,44.06,45.02,43.36,67.69,45.59,60.31,49.82
57.76,51.83,51.50,65.28,57.18,57.01,62.52,60.11,49.55,51.87,52.63,63.51,73.90,58.86,60.55,54.90,71.27,47.04,51.05,53.02,48.42,62.55,60.08,57.36,54.37,52.24,55.35,55.31,60.80,50.56,60.18,60.28,55.56,48.03,57.48,61.32,52.78,58.41,59.96,55.53,56.48,67.26,56.58,48.66,51.88,57.39,61.09,55.52,45.06,51.76,55.02,48.12,50.55,51.21,46.30,42.07,54.51,51.53,40.12,37.98,36.83,43.55,45.57,46.97,49.84,57.39,43.63,51.63,49.35,47.29,49.02,53.52,38.10,53.44,44.93,45.52,55.58,45.18,52.24,36.71,51.93,53.45,46.91,39.73,43.11,34.79,40.59,47.19,36.65,39.68,58.07,51.30,49.56,45.45,60.23,59.46,49.58,42.38,55.74,60.67
53.96,67.60,46.31,46.93,67.09,60.00,56.41,65.29,70.83,58.50,58.42,49.45,49.64,62.48,58.42,62.13,61.64,49.05,61.57,59.45,68.16,53.03,64.98,63.82,56.83,67.00,67.15,64.08,67.09,66.71,60.49,57.59,52.29,62.48,59.83,56.17,54.36,67.64,62.00,55.78,52.53,64.51,49.85,52.17,62.49,56.75,53.69,57.92,58.35,53.58,51.67,58.62,60.06,56.52,58.34,50.25,54.51,58.40,57.61,50.55,40.55,45.72,40.40,49.44,50.75,48.03,56.00,44.15,43.01,49.81,50.18,42.01,50.39,56.70,46.69,42.88,37.62,47.61,40.37,39.50,48.20,45.21,58.45,47.25,40.45,54.60,56.14,41.45,43.00,44.00,50.61,44.42,40.33,41.72,56.13,58.17,59.68,56.02,40.16,39.11
51.56,64.86,68.38,66.84,70.31,62.15,61.75,52.58,51.00,54.60,58.92,52.58,69.13,61.55,60.08,51.88,55.30,54.11,69.85,61.95,66.36,60.66,58.03,62.74,68.58,66.75,61.52,68.18,56.31,68.83,53.02,60.59,62.71,55.93,59.84,58.42,62.37,63.58,65.09,61.65,55.90,58.96,47.11,50.60,54.35,68.27,68.91,63.87,51.69,54.07,55.08,50.92,51.37,41.56,55.63,60.04,59.21,50.96,50.60,51.02,45.58,43.05,38.28,54.01,55.00,52.16,51.18,51.13,47.03,42.33,53.98,56.96,56.12,51.59,44.18,53.37,45.84,38.20,45.22,53.63,49.67,54.04,54.66,44.72,54.55,45.98,50.18,37.01,57.48,46.09,43.69,47.20,45.54,48.58,56.84,48.22,64.59,48.13,54.91,55.58
54.31,61.88,58.26,64.85,49.63,46.74,58.04,62.10,49.03,51.29,61.74,64.33,70.01,59.52,64.01,55.05,67.38,59.05,65.20,62.80,64.78,62.75,65.59,73.13,64.65,67.44,57.85,61.61,56.89,53.19,58.15,66.83,64.13,57.56,55.91,55.12,58.45,66.48,59.19,60.92,60.32,51.16,47.97,52.57,52.65,63.87,61.40,52.92,57.81,63.06,65.07,52.18,48.34,55.23,51.24,52.57,49.70,46.76,43.61,56.60,53.40,47.86,49.22,60.83,45.71,47.67,48.61,47.79,43.80,38.77,56.23,54.99,58.82,59.33,51.84,51.44,50.46,46.15,45.67,40.65,46.67,42.34,41.96,42.90,44.49,44.14,51.41,53.41,46.82,38.03,48.55,59.97,60.13,43.74,49.19,45.85,48.70,64.61,43.34,50.47
52.74,51.55,64.58,68.24,44.08,53.88,65.00,49.65,66.04,63.48,51.97,68.10,52.54,60.01,58.05,62.41,64.92,62.63,68.80,70.53,57.58,53.46,69.10,67.17,57.64,64.55,58.27,54.17,65.84,63.81,67.36,66.27,66.92,61.07,60.58,67.77,59.13,61.39,62.97,59.34,56.74,45.68,55.05,50.54,50.07,46.01,48.00,53.83,59.93,50.14,57.88,53.62,50.96,53.69,57.28,57.23,57.78,48.51,45.06,53.16,49.34,47.82,54.49,47.81,47.23,48.00,42.49,37.41,47.45,43.08,37.03,36.91,37.18,47.41,42.69,54.30,44.20,45.83,48.70,47.83,52.47,59.90,58.69,42.75,43.64,51.50,42.45,54.22,50.10,47.05,58.11,53.16,36.98,39.97,48.89,48.26,51.66,48.95,64.02,59.87
53.65,52.32,50.38,57.84,48.14,55.82,57.93,50.98,48.99,55.50,70.50,60.81,58.42,72.02,61.08,62.06,68.54,48.31,60.32,57.56,58.72,63.78,52.48,50.92,59.04,61.45,57.19,56.12,65.48,56.21,56.63,54.06,55.68,56.40,60.81,61.58,73.35,60.96,48.71,46.33,56.45,53.16,54.73,68.98,59.16,53.78,60.44,54.52,44.05,51.49,60.65,55.90,60.74,53.37,52.63,53.43,50.95,58.71,49.53,47.21,51.90,42.96,40.62,46.73,40.07,48.22,50.80,41.52,46.16,44.94,46.38,55.58,55.91,49.12,44.96,38.54,47.82,49.43,50.71,48.02,44.60,39.01,41.33,38.23,40.41,50.60,45.80,40.36,54.31,56.57,47.40,59.93,60.93,54.01,54.65,47.43,64.78,52.48,64.71,63.26
44.91,47.79,60.07,57.62,45.88,62.46,65.37,61.52,56.34,45.98,64.48,53.45,67.90,52.97,64.09,53.15,59.20,69.40,58.71,62.61,65.79,69.41,66.25,57.07,65.52,69.11,53.70,53.17,62.98,59.57,65.29,72.69,64.90,58.93,60.24,53.01,60.15,68.07,60.83,59.01,51.36,53.88,55.90,54.18,60.30,52.76,50.52,54.87,55.71,51.56,51.68,56.23,46.64,48.03,45.38,47.45,45.11,48.68,50.51,53.68,59.16,48.49,48.47,54.23,56.48,43.52,43.39,41.50,43.00,58.30,54.14,43.23,45.21,45.37,58.48,38.98,47.85,52.80,42.69,34.33,53.69,41.29,47.25,51.05,46.48,50.13,47.78,36.32,58.38,45.44,42.75,43.07,52.49,46.00,56.80,57.70,59.30,65.35,61.47,64.21
40.63,54.59,56.07,57.36,67.47,71.48,61.98,58.84,59.08,56.84,56.24,55.68,48.46,54.70,65.14,62.11,70.32,64.32,49.80,49.88,60.50,67.67,61.82,66.89,72.73,67.42,52.46,53.21,54.34,54.33,55.89,62.31,69.85,60.19,55.04,55.68,66.63,67.91,65.72,63.21,57.40,51.21,58.61,64.33,61.51,58.12,57.57,57.61,49.56,49.88,58.82,49.60,47.64,56.40,53.48,50.51,51.37,39.04,40.60,44.38,46.41,49.98,58.33,55.64,46.47,46.87,39.85,44.46,44.76,47.96,37.99,50.36,52.46,52.83,48.01,33.75,45.86,46.27,55.29,43.97,48.63,53.16,51.54,44.79,50.08,50.91,55.69,52.66,45.23,57.07,49.15,52.52,50.52,47.08,58.45,46.43,47.24,63.19,63.65,62.64
53.28,42.35,60.74,44.32,50.89,54.15,50.53,63.04,59.00,66.06,51.74,49.78,56.40,51.75,52.67,56.76,53.54,63.98,61.46,56.92,63.69,68.52,64.73,73.61,65.00,60.20,58.13,59.48,54.28,55.70,56.76,57.48,62.28,57.43,52.25,55.01,58.29,56.93,56.77,59.88,68.86,59.81,59.28,60.91,67.86,58.88,58.56,63.54,59.43,57.59,52.33,45.01,48.10,52.20,51.56,51.33,52.21,58.10,52.64,40.82,52.64,55.70,59.45,58.02,54.87,53.53,41.99,43.70,43.60,55.76,48.57,48.70,39.82,37.23,43.76,37.66,50.47,48.63,50.98,52.51,44.43,37.45,51.98,44.64,56.61,41.17,50.34,53.17,46.54,45.13,61.95,50.43,48.73,46.66,48.15,56.92,55.16,47.24,56.91,65.82
39.80,57.83,69.12,41.20,48.63,61.08,63.36,44.26,57.46,63.85,56.21,51.77,52.08,60.48,60.35,70.63,60.35,68.15,73.97,62.03,59.94,72.15,60.95,64.35,64.60,54.79,62.35,56.39,57.29,59.85,63.80,71.12,71.93,62.60,52.69,54.67,52.75,60.56,60.89,58.67,57.13,60.13,50.92,45.33,52.63,61.53,57.09,57.14,57.65,66.08,51.36,48.85,55.49,54.94,59.34,54.87,45.96,53.63,57.44,55.56,49.36,50.45,50.74,57.02,53.56,55.86,42.23,39.55,44.87,44.66,46.44,47.41,43.84,49.33,47.82,43.17,46.47,49.36,47.40,42.52,53.04,58.68,52.50,54.21,58.52,51.54,51.26,47.14,62.71,45.23,47.85,54.11,45.58,59.48,55.13,63.59,58.83,51.99,61.65,58.95
61.31,56.15,66.82,47.41,45.96,62.78,61.19,52.98,49.83,55.29,65.00,50.57,60.08,64.46,52.80,61.62,55.23,65.60,62.06,66.01,59.19,64.94,62.12,58.44,59.87,58.50,71.12,64.68,65.64,65.64,60.62,60.20,58.37,65.46,59.68,75.12,63.52,56.77,53.05,58.42,67.73,71.12,62.03,55.39,52.11,46.85,47.62,52.09,61.00,54.03,43.98,51.80,57.71,56.50,57.47,61.53,51.94,54.25,51.97,56.61,47.30,53.50,45.82,48.63,50.11,35.90,41.47,49.87,44.33,50.47,55.44,42.83,46.89,44.88,39.07,52.16,51.79,47.32,43.92,42.65,45.31,49.35,46.75,48.59,41.26,50.71,54.66,50.96,42.65,46.05,51.97,39.01,39.06,49.86,57.10,44.22,61.27,57.20,61.40,61.97
59.92,62.83,61.66,56.51,55.84,54.07,53.83,46.03,54.74,59.73,69.07,56.66,57.73,70.44,57.49,55.57,52.35,50.45,53.96,59.72,67.65,64.78,51.21,64.70,54.21,66.50,57.20,65.59,60.82,61.43,62.23,65.92,56.16,66.61,66.09,69.81,72.51,61.99,54.02,55.35,51.45,53.88,64.97,67.99,66.13,59.54,59.21,61.75,56.83,55.47,57.69,60.07,49.91,57.44,61.16,58.10,54.98,46.88,46.20,51.68,45.39,47.36,53.57,47.67,49.53,47.96,43.52,41.02,42.12,49.20,44.41,42.80,49.39,47.01,36.76,37.63,38.57,45.08,49.02,39.05,38.67,43.66,38.69,53.38,40.38,52.21,48.01,46.81,40.04,54.33,54.83,37.05,44.16,57.77,55.16,48.40,44.69,54.54,57.83,53.60
62.72,55.27,51.29,50.90,48.75,50.66,50.91,51.22,56.59,50.51,59.50,64.12,61.18,63.85,62.64,68.00,56.45,57.04,58.26,56.58,53.50,59.78,60.11,60.82,63.17,67.43,66.88,55.28,68.26,57.99,68.91,64.60,55.63,64.93,74.87,73.99,65.92,51.77,52.56,65.11,59.56,58.44,58.85,53.40,58.46,52.69,48.48,59.66,59.67,53.27,54.17,49.70,61.40,54.06,45.09,46.20,41.43,56.31,57.77,48.19,50.97,49.60,50.29,48.58,46.13,55.08,48.10,48.31,56.73,47.72,38.89,50.83,40.86,37.90,46.96,44.82,42.42,37.73,50.87,49.23,49.33,46.04,60.74,52.22,38.03,58.02,48.96,44.93,40.44,52.26,46.59,43.16,43.81,43.50,47.63,56.20,50.77,39.80,54.84,55.03
48.91,46.72,46.66,49.03,49.54,50.75,62.71,52.50,56.56,59.04,53.35,63.28,59.73,58.05,53.15,66.67,65.79,54.92,65.75,64.44,59.02,67.83,66.99,66.23,72.83,54.78,66.30,60.58,55.00,60.37,61.08,56.91,63.17,66.08,55.75,61.40,61.83,54.95,48.03,54.35,61.56,53.29,53.09,48.97,58.75,63.80,56.30,59.40,56.47,56.42,55.75,55.32,54.74,51.29,46.99,59.05,51.97,42.19,41.91,48.24,43.06,46.36,44.76,43.91,47.53,48.49,40.74,50.80,49.03,40.16,52.81,45.89,39.47,53.33,42.64,35.86,41.07,40.52,42.76,48.80,38.77,53.49,57.18,52.00,56.76,49.80,52.29,44.48,43.09,44.13,51.27,39.56,52.99,41.00,58.77,49.04,50.16,46.42,42.91,51.01
41.36,48.32,57.73,50.69,56.10,53.34,52.78,45.76,49.69,50.85,65.50,69.57,67.02,60.32,60.05,56.20,58.87,67.02,70.10,66.46,60.20,61.03,67.68,56.37,64.46,60.47,72.30,66.80,58.22,62.27,53.88,65.45,67.27,66.50,64.02,52.22,56.17,51.62,54.75,58.04,49.00,56.41,56.22,62.13,60.51,65.41,55.94,56.78,53.78,49.60,53.13,47.66,48.94,48.70,49.32,54.67,50.27,50.26,54.78,53.92,58.03,45.54,44.74,40.01,46.64,49.71,43.58,48.75,44.34,42.71,48.19,37.62,45.05,51.90,44.24,45.21,42.95,47.17,42.37,50.52,58.23,39.66,40.55,52.11,49.31,52.23,39.25,47.45,58.32,51.13,54.97,47.78,60.41,46.06,48.88,62.27,63.74,49.25,48.51,48.58
49.77,45.84,64.49,45.76,58.00,46.25,49.64,61.94,56.76,65.32,54.31,69.86,64.52,68.13,55.28,50.61,55.86,59.24,51.52,53.52,56.91,58.14,58.58,58.21,59.06,57.35,54.04,57.09,65.43,64.04,57.70,69.94,67.30,65.05,65.05,60.50,53.87,61.67,62.63,60.59,50.97,53.29,57.34,58.69,53.86,63.26,60.48,63.53,56.51,60.02,58.29,62.31,49.21,47.15,48.91,53.14,54.22,53.48,41.28,45.75,51.73,46.19,49.58,49.86,53.42,43.85,41.99,57.57,51.46,50.50,47.29,45.11,36.28,45.23,38.76,32.68,49.28,60.49,54.23,52.78,46.59,48.68,43.15,46.30,45.55,50.12,59.24,58.19,44.55,48.60,43.22,40.03,47.45,48.10,54.55,50.95,53.68,43.06,45.21,51.39
44.04,56.27,56.61,51.32,53.55,60.12,57.67,63.56,49.51,66.28,55.79,58.58,67.44,63.99,60.39,62.30,57.17,48.65,53.35,66.76,58.22,63.90,54.90,70.98,63.94,50.07,58.89,54.00,67.96,60.20,61.37,58.95,65.11,56.83,62.98,68.55,58.93,56.37,52.26,58.62,65.89,61.67,59.59,57.70,59.61,47.40,53.92,52.15,46.45,48.58,48.84,51.85,54.93,56.84,46.51,54.20,53.72,46.24,46.06,43.65,41.90,50.84,58.41,45.32,45.83,41.20,46.97,44.29,45.29,39.73,44.09,57.10,45.07,44.35,35.14,41.19,50.18,57.84,55.06,54.26,49.00,48.69,52.02,42.92,46.02,57.21,51.13,53.09,44.83,51.86,56.63,45.58,42.62,57.22,45.63,57.58,47.41,49.21,64.89,66.35
58.79,67.15,55.20,61.54,66.12,60.57,61.44,64.08,54.73,59.41,61.99,69.66,57.62,61.54,53.74,65.11,66.03,55.36,55.08,60.63,61.17,65.37,51.31,61.45,61.35,61.63,71.24,67.67,70.15,67.78,60.67,55.85,57.54,49.57,55.34,64.17,68.19,60.27,56.21,57.76,60.04,56.12,59.15,59.15,51.99,49.94,61.63,61.86,61.91,57.06,51.80,51.46,51.05,44.89,54.78,54.40,50.88,43.23,39.16,51.71,54.33,52.82,53.32,48.37,48.03,58.19,51.43,39.45,53.29,54.79,47.87,44.30,47.33,55.04,48.09,42.07,46.37,57.47,54.28,43.86,41.68,49.25,55.45,51.23,53.60,50.43,48.49,42.19,36.21,37.90,53.82,42.34,48.31,54.10,49.31,47.46,50.89,50.02,51.36,54.14
48.49,54.89,64.08,61.64,61.03,58.69,61.79,65.73,55.35,70.47,58.08,64.15,59.59,51.62,65.23,59.75,57.64,59.49,57.97,62.50,67.07,64.98,59.60,62.52,62.65,64.72,69.28,66.82,67.33,56.85,59.86,52.80,57.06,59.26,56.50,64.04,67.02,58.31,65.61,56.35,49.49,46.93,54.04,61.75,56.33,55.89,58.48,63.99,61.33,60.57,58.61,59.15,53.79,53.60,53.72,57.57,44.52,43.69,46.80,43.10,46.67,41.66,46.33,46.44,49.25,53.56,51.25,45.61,36.10,53.68,44.26,45.37,51.67,55.11,42.96,47.87,47.07,50.56,43.54,40.27,48.94,41.55,51.89,51.14,53.45,52.45,44.83,62.30,43.70,50.77,46.88,52.32,55.33,59.54,67.05,62.63,45.00,53.09,53.97,55.44
55.39,44.44,49.14,45.91,42.21,53.04,63.69,59.61,57.13,53.55,56.27,57.87,63.95,52.09,69.49,65.84,62.81,64.25,59.34,64.36,68.02,65.86,63.79,66.74,72.55,60.57,70.75,68.94,66.18,69.00,61.94,56.03,59.89,54.55,61.15,58.64,54.81,55.61,68.53,69.73,60.39,58.81,61.40,55.22,60.32,50.18,53.91,53.55,60.78,47.84,62.18,56.71,48.40,50.17,53.34,51.66,49.11,41.94,51.19,50.23,53.46,50.35,52.38,57.28,52.05,59.96,55.56,54.31,45.79,47.91,43.34,44.94,55.60,51.89,48.78,46.26,52.62,46.16,49.01,51.71,46.21,44.32,50.56,55.92,47.08,41.59,39.00,59.49,38.74,49.70,58.07,44.06,51.85,51.21,55.00,55.74,55.99,47.34,58.06,61.08
44.30,47.01,62.39,45.14,53.34,63.83,57.88,54.63,58.70,52.52,53.14,59.47,64.14,58.05,68.12,53.32,61.95,63.22,58.46,55.57,57.42,60.56,52.41,57.86,67.54,65.32,61.70,73.81,68.72,71.44,65.71,62.84,60.87,63.85,63.57,56.24,50.30,51.57,65.90,65.20,62.51,61.06,60.67,60.32,61.83,55.44,47.48,56.18,57.13,53.35,51.55,43.50,44.81,41.78,49.10,47.38,51.83,46.68,52.20,50.46,49.23,46.60,53.15,47.49,49.81,64.60,52.84,53.80,44.38,43.44,47.62,50.18,52.21,44.84,42.79,49.18,44.59,45.96,40.45,54.08,44.05,47.52,32.72,53.46,48.89,40.44,35.61,44.84,45.56,47.90,47.35,62.21,41.96,49.87,45.57,60.45,59.52,58.17,56.09,58.19
64.53,58.90,51.74,52.45,57.50,63.99,57.73,55.00,57.03,52.59,51.62,50.18,65.54,59.72,56.72,54.80,54.04,65.64,60.50,58.69,65.14,54.75,62.09,56.51,65.81,64.17,72.27,67.65,58.94,63.44,68.83,65.22,63.12,57.30,60.70,55.11,60.96,52.31,59.17,59.47,57.84,56.60,58.57,54.42,52.49,53.93,48.78,52.99,53.16,53.71,54.35,45.56,37.65,48.23,45.71,49.51,47.13,38.70,47.34,47.52,42.79,43.85,57.53,52.31,52.55,58.01,46.59,51.40,47.10,45.36,47.52,46.33,51.56,47.36,54.53,47.61,45.52,52.33,37.11,48.99,47.99,51.27,42.36,47.49,52.61,44.61,42.94,41.66,50.39,42.08,54.18,60.97,44.93,43.31,47.14,47.62,48.31,60.33,56.19,47.02
61.54,55.73,50.48,56.64,67.46,58.77,62.36,54.91,54.57,53.37,52.15,73.43,58.86,61.34,54.86,61.77,61.60,63.20,68.38,72.98,68.80,58.88,64.44,57.31,71.35,59.79,55.30,53.76,50.47,61.89,68.90,68.27,63.65,52.83,58.19,54.49,58.84,49.76,56.86,50.37,55.94,59.32,53.82,59.92,66.20,60.33,64.33,54.91,55.62,58.23,55.70,52.36,46.38,54.87,50.18,44.65,37.11,47.45,42.75,49.54,55.70,58.03,46.31,46.71,48.26,37.27,43.99,45.70,46.05,48.53,47.81,49.14,48.83,51.73,42.68,45.85,48.40,41.82,37.09,48.71,37.97,53.63,50.22,50.26,49.92,51.08,57.03,39.92,43.39,44.83,44.34,54.53,47.42,53.16,47.30,49.03,44.12,62.44,56.34,60.83
65.79,44.21,47.67,50.07,62.03,57.98,56.91,55.32,54.50,63.51,57.99,70.60,57.13,63.13,66.18,73.19,63.36,68.72,65.38,56.03,63.08,54.25,61.65,70.58,66.62,59.77,61.66,58.43,55.31,66.04,63.88,57.41,65.47,64.31,61.44,54.44,52.30,51.71,63.91,58.67,56.94,70.67,60.97,64.14,62.52,62.47,52.08,58.22,58.67,49.09,43.44,50.01,50.20,53.95,50.80,48.39,46.31,52.08,54.29,54.55,59.32,56.42,56.19,46.82,39.63,38.23,39.04,48.52,47.51,54.30,50.92,50.85,59.34,47.43,48.64,45.13,45.77,37.45,46.48,45.24,41.06,48.93,51.27,49.09,48.33,41.19,46.24,42.25,41.85,45.63,51.82,49.78,47.09,50.21,47.61,53.31,45.56,56.93,64.89,64.01
60.63,44.92,47.21,62.24,65.76,61.00,43.95,61.91,61.75,51.79,52.24,63.71,53.51,64.82,66.35,64.33,63.92,59.93,58.40,52.25,61.96,59.24,51.25,58.70,55.25,53.06,56.85,58.06,59.88,71.31,62.12,56.47,61.65,60.39,60.07,55.96,49.57,50.76,63.54,67.96,65.80,66.91,68.60,59.91,57.35,56.06,42.57,51.55,54.41,51.79,49.69,48.20,44.43,43.21,46.03,56.45,49.49,39.64,43.29,46.06,49.94,52.39,51.07,48.16,46.19,39.06,41.51,53.46,48.96,49.91,58.69,57.40,52.63,43.87,34.93,39.26,34.23,42.00,45.11,52.14,51.26,49.15,38.56,52.42,43.06,38.87,39.48,40.69,44.73,57.86,58.32,59.66,46.25,59.68,58.15,44.82,50.92,53.05,52.94,55.84
54.54,43.61,46.76,55.17,68.16,56.70,60.27,54.81,67.60,53.27,57.54,52.10,55.87,64.71,58.90,69.52,66.65,58.80,60.45,56.81,58.56,61.56,53.05,64.88,57.07,60.76,57.80,51.45,52.81,64.24,53.44,57.61,57.93,58.33,57.58,62.95,65.20,59.12,66.68,65.81,62.39,61.03,57.18,56.05,56.68,57.73,51.92,58.91,59.55,52.05,48.13,41.41,50.10,58.20,56.68,43.55,48.73,49.99,53.69,50.52,48.38,52.69,50.68,47.50,47.69,50.58,38.75,51.85,49.83,47.97,55.69,60.69,45.09,37.42,36.02,40.95,41.59,49.62,56.54,41.28,43.44,42.44,41.46,52.68,35.86,45.06,46.36,43.88,46.15,51.22,54.61,53.76,52.31,51.14,60.04,54.31,49.22,62.04,55.10,54.65
50.67,49.42,49.79,55.07,56.57,52.15,59.30,52.62,58.96,56.42,58.25,59.29,64.27,70.11,59.67,68.77,57.13,50.36,48.44,51.82,64.78,64.80,68.21,60.50,56.83,65.59,65.90,58.89,56.31,62.30,60.53,58.90,61.85,63.89,59.39,51.17,65.93,56.87,58.25,56.24,56.17,55.53,54.14,60.05,61.41,58.21,55.70,57.59,66.80,57.97,57.69,50.82,53.81,50.11,53.73,48.72,38.78,54.17,56.25,46.71,42.76,53.80,42.23,42.75,46.61,52.58,41.44,42.89,46.73,49.16,54.42,51.60,50.56,44.61,44.78,46.34,48.81,46.73,51.09,41.26,40.18,41.29,46.77,50.56,45.73,54.10,58.33,42.81,48.44,45.72,41.21,46.82,38.66,59.90,60.39,52.20,53.90,55.85,61.33,54.84
50.34,52.89,46.85,54.55,48.11,63.82,51.73,55.44,46.60,52.60,59.83,58.86,65.19,65.33,65.44,65.67,61.45,61.06,48.94,55.56,71.45,69.14,72.67,63.61,58.19,63.13,62.65,64.53,51.98,63.64,66.77,65.81,63.61,58.66,61.86,71.16,54.61,62.01,58.39,55.37,53.89,65.15,63.09,59.93,63.29,54.89,54.21,61.06,62.70,59.48,59.48,51.77,56.27,51.95,49.52,50.82,50.32,46.42,51.20,44.23,52.69,62.08,59.74,50.47,48.11,46.64,40.81,43.10,48.22,47.14,45.78,42.80,45.81,44.79,42.86,50.32,54.74,54.36,53.12,51.58,50.76,48.67,40.18,51.42,53.95,45.16,53.55,46.26,47.79,48.10,56.99,45.99,45.39,49.24,53.83,51.34,49.24,50.97,43.51,47.65
63.60,50.60,59.39,53.25,51.10,56.01,59.14,62.63,51.83,58.61,53.61,58.62,60.39,57.92,65.93,64.32,57.94,55.37,63.25,57.12,66.79,65.16,75.31,61.71,56.59,73.22,66.66,67.32,61.77,65.78,66.48,59.44,59.11,63.76,58.41,60.00,53.37,54.24,63.20,55.01,55.57,64.65,49.96,55.25,54.68,63.19,54.08,53.50,59.03,50.16,58.42,52.53,51.20,51.40,49.11,51.75,56.15,44.20,38.36,45.62,56.66,52.26,53.25,54.70,44.03,39.74,44.18,37.93,46.41,42.69,45.23,42.90,43.01,44.44,48.68,47.32,47.55,56.61,52.44,50.63,48.18,43.72,43.28,52.24,50.27,48.38,45.10,58.46,60.62,53.90,57.48,60.49,54.77,47.13,46.74,60.89,52.57,47.92,63.02,64.08
67.44,47.17,65.12,53.56,51.63,55.59,62.20,44.76,51.77,63.19,57.92,52.37,55.83,58.56,52.80,57.10,53.44,50.96,52.78,53.54,54.59,63.24,60.28,53.72,54.96,66.73,61.56,59.57,62.52,56.58,57.99,59.83,63.90,63.68,58.91,60.71,57.70,60.57,65.04,60.60,55.44,61.56,49.27,51.68,60.93,54.43,55.66,55.48,49.75,47.80,60.67,53.29,54.82,48.67,46.52,45.18,48.00,52.40,54.98,47.22,42.63,39.72,42.06,52.72,44.55,43.49,48.78,37.01,41.40,41.20,53.18,44.03,51.93,48.34,51.21,55.04,46.82,52.18,48.30,46.32,54.21,55.25,47.76,49.66,45.79,49.55,51.32,54.56,53.66,49.50,52.15,49.40,56.86,57.14,59.09,52.94,56.02,44.73,59.01,64.90
65.31,59.60,58.43,49.60,56.49,66.08,59.47,50.59,62.31,57.29,57.21,51.21,58.25,50.95,57.64,62.69,66.14,59.92,57.68,57.14,57.04,64.59,59.60,66.76,63.31,53.93,60.86,60.16,66.25,65.48,60.93,64.65,64.57,62.12,59.78,66.20,67.01,57.10,55.70,62.38,53.30,59.42,63.21,59.81,68.66,64.11,58.55,53.63,62.46,52.42,55.33,48.14,50.40,44.03,48.66,46.13,54.67,50.83,50.35,48.88,46.67,40.00,45.72,48.06,46.23,45.37,41.69,47.00,52.55,51.29,55.72,51.30,47.77,40.73,47.78,37.30,38.32,39.80,46.08,41.53,46.32,46.32,56.14,48.47,55.68,38.58,47.63,48.27,45.55,45.18,56.31,52.13,46.26,49.69,50.14,49.77,50.61,47.02,60.75,55.16
52.39,47.95,54.76,51.81,63.59,53.88,67.97,55.33,53.98,67.36,55.61,58.26,66.14,60.63,56.25,54.94,66.09,62.87,68.43,55.76,59.80,50.72,58.19,55.22,60.66,63.66,61.47,54.91,61.06,57.01,59.89,60.13,55.00,55.49,54.64,53.86,56.17,49.82,57.31,64.70,54.29,51.71,60.92,57.10,55.50,54.40,57.81,49.14,63.57,65.03,65.26,44.80,52.45,55.41,43.32,52.87,55.53,45.66,48.82,46.86,44.39,47.92,55.21,50.75,48.44,43.91,46.68,52.52,46.83,47.27,50.96,46.45,49.01,45.22,47.99,46.36,42.62,44.52,43.45,46.72,44.68,44.01,50.89,48.57,59.61,45.65,54.09,51.17,54.01,46.13,52.70,51.45,54.34,52.69,39.40,54.88,45.02,55.62,60.38,53.85
45.97,50.00,52.53,52.70,57.73,45.39,63.18,54.03,55.55,66.28,56.02,57.28,64.58,65.05,63.76,55.70,67.45,69.81,67.40,62.75,65.56,61.91,57.65,64.92,51.38,60.24,59.53,60.55,57.58,58.75,56.92,63.30,56.17,50.98,56.69,48.78,57.17,52.93,57.83,53.28,55.52,57.66,62.72,58.61,55.88,53.18,52.65,46.64,53.15,60.01,57.92,55.89,45.28,43.04,49.99,51.10,41.65,45.53,49.69,47.51,46.02,44.32,46.79,52.93,48.23,44.09,49.27,46.96,46.60,47.95,43.46,41.09,49.67,41.87,41.33,47.09,48.83,43.10,39.24,54.57,49.02,48.35,42.60,52.18,47.43,51.90,53.13,54.94,54.40,56.61,52.11,47.35,56.37,57.19,42.15,50.35,53.77,60.12,56.24,51.62
53.86,51.92,50.04,56.51,47.71,43.77,59.33,57.95,57.71,60.97,62.36,60.32,62.55,59.63,60.73,65.71,55.82,68.34,60.02,65.88,67.98,62.12,56.09,64.29,56.64,60.69,54.59,68.03,64.97,64.02,63.35,63.09,59.95,58.86,54.91,62.74,65.74,64.50,61.24,56.03,50.98,59.23,64.78,53.39,57.05,54.40,55.14,51.52,49.65,48.76,46.84,61.77,50.53,49.68,43.54,56.33,53.02,47.26,54.82,55.88,44.86,50.98,49.87,51.70,43.84,39.88,47.57,54.54,47.95,47.88,47.94,40.79,42.00,50.26,46.79,43.59,56.88,52.32,45.51,46.72,50.77,47.15,47.62,55.32,49.62,44.88,49.35,54.05,60.94,45.67,53.60,50.08,44.38,50.03,46.79,57.84,54.44,55.18,68.07,57.83
52.92,44.03,59.58,48.98,50.16,50.16,58.92,60.96,55.71,45.12,51.20,62.50,67.14,56.67,52.74,68.90,57.17,61.89,66.45,63.25,55.08,64.43,65.63,62.77,56.20,58.02,63.88,67.83,60.77,68.01,71.54,67.75,52.43,60.59,62.73,67.79,64.99,66.85,60.22,58.26,54.64,57.15,58.61,66.39,57.88,50.73,55.23,50.71,43.61,49.46,49.71,62.38,55.47,50.84,53.20,54.75,54.12,49.22,47.90,50.55,41.72,45.96,49.28,48.31,45.54,45.36,50.64,45.62,52.08,47.35,51.12,41.44,44.92,46.55,51.08,44.55,51.11,55.55,42.28,43.85,37.05,44.78,42.11,44.37,51.10,39.88,53.77,46.39,60.62,44.04,56.62,56.74,37.54,41.78,49.92,61.24,56.35,48.46,52.21,52.84
49.67,60.55,62.49,51.59,67.19,52.10,54.55,56.86,51.94,53.64,48.33,59.76,63.19,60.28,55.97,62.46,67.84,59.98,72.33,69.98,66.32,69.41,61.51,64.40,64.31,66.16,58.94,65.96,66.79,67.34,67.56,70.18,51.15,54.72,59.87,68.16,50.98,57.63,53.88,57.89,60.96,65.89,54.81,58.92,52.79,60.23,63.52,55.93,54.38,43.81,51.56,54.63,49.81,57.35,46.62,52.73,59.99,50.46,50.54,53.18,43.97,46.96,42.57,47.77,50.47,49.03,45.04,44.19,53.83,40.19,43.08,44.46,46.92,47.62,46.35,49.66,47.13,46.23,47.36,47.79,39.90,43.48,44.43,39.77,48.07,52.77,54.78,40.97,60.82,37.95,48.67,53.36,50.39,40.59,39.23,43.59,56.64,43.29,48.93,56.83
48.27,53.14,56.84,62.22,57.81,56.54,67.60,56.05,51.49,63.38,52.00,66.51,61.97,65.75,56.70,60.03,66.33,51.99,63.29,73.76,65.79,65.72,49.31,69.78,63.47,60.51,63.29,54.78,56.99,52.73,60.63,62.75,52.19,57.66,66.89,67.85,54.37,65.57,58.72,55.71,55.87,61.14,57.93,54.23,49.21,62.07,59.17,58.95,63.33,50.72,52.83,51.14,50.44,58.60,51.18,50.97,53.63,54.36,48.67,44.35,43.89,47.74,51.83,46.24,44.03,47.44,52.28,50.46,39.77,37.18,42.25,50.60,46.90,41.42,34.30,37.02,47.52,44.89,55.39,50.71,47.12,48.56,46.56,38.89,36.47,42.95,46.12,51.79,53.21,53.54,42.12,54.41,59.56,41.35,44.16,49.06,36.26,55.89,61.67,57.38
47.28,56.31,50.41,59.04,55.57,44.96,66.31,52.50,59.35,57.43,56.10,54.26,54.01,53.03,55.43,69.92,53.54,57.74,64.13,64.43,56.39,59.17,57.77,63.62,69.76,57.64,65.37,54.32,61.75,59.03,59.75,60.46,59.15,59.44,61.85,61.65,67.37,63.19,62.45,55.67,59.65,58.84,54.74,56.82,62.32,48.50,65.61,60.60,46.87,56.87,56.36,47.71,44.61,59.35,54.22,49.95,48.77,56.01,56.75,49.84,44.05,44.96,43.22,51.57,53.74,47.57,48.36,52.58,42.98,39.41,42.96,47.41,40.55,53.59,42.19,42.79,47.54,54.94,50.12,46.67,52.71,51.37,50.29,40.57,39.49,48.69,39.73,42.69,47.26,48.71,40.75,57.20,55.42,49.28,44.59,37.51,43.94,56.96,50.06,57.64
47.60,56.94,52.67,53.16,53.97,54.51,51.43,41.92,63.99,61.48,68.60,61.05,64.59,53.82,69.42,67.09,54.09,51.66,62.35,63.10,65.78,65.78,58.37,55.68,51.37,64.21,61.91,59.53,65.98,52.93,56.19,55.66,55.63,66.13,60.35,57.13,65.90,73.73,71.07,55.28,63.28,63.44,68.15,60.92,57.49,50.86,61.66,53.84,55.75,57.75,63.02,49.37,48.47,54.53,55.39,50.95,57.13,53.88,54.19,48.30,48.06,47.42,36.56,51.67,52.18,44.50,47.04,51.28,43.41,40.07,43.44,50.33,39.38,44.19,42.29,49.94,50.22,45.02,41.48,47.45,50.32,47.50,43.85,47.73,49.90,47.26,43.61,47.41,50.14,44.96,44.22,53.97,47.98,47.61,39.48,47.32,49.52,35.95,44.41,42.59
65.23,54.27,45.47,57.55,59.01,59.78,46.36,52.93,53.66,61.26,63.93,44.94,66.81,51.57,63.40,68.08,57.65,52.81,58.67,65.95,67.56,59.58,67.02,53.24,52.87,54.91,52.20,59.72,58.96,50.42,49.47,59.28,57.05,64.34,72.94,64.30,67.36,69.35,66.71,53.36,59.71,53.96,59.58,60.84,50.80,55.41,58.86,57.25,47.62,53.37,52.30,61.73,61.07,59.61,42.68,51.55,53.79,48.98,43.05,48.68,45.21,47.37,43.89,55.57,47.99,53.20,50.55,43.71,42.03,41.69,46.50,45.02,46.26,46.37,47.46,50.92,52.01,40.68,37.71,53.37,49.10,46.93,51.50,38.98,52.16,48.64,48.76,60.35,53.35,48.34,35.33,39.23,56.65,40.06,44.05,56.39,47.16,52.01,38.07,37.39
53.43,68.81,42.60,56.99,53.68,50.10,53.21,70.52,56.40,62.58,59.50,54.38,70.09,63.05,62.43,74.11,59.28,53.18,58.46,60.18,56.36,54.57,61.48,59.22,60.57,57.88,59.23,52.82,59.14,55.87,58.70,62.50,59.92,65.36,64.85,61.26,65.80,64.17,63.58,59.20,60.96,58.62,56.81,51.29,53.63,53.09,55.23,57.09,52.51,60.02,64.28,54.76,49.78,53.90,50.52,52.59,55.53,61.54,48.20,51.44,48.63,49.25,47.13,51.90,47.98,57.51,48.11,46.08,40.99,56.02,48.72,41.17,43.85,37.54,48.84,52.64,50.75,43.63,40.12,45.99,48.46,57.56,53.76,49.87,47.24,56.28,46.84,49.30,46.87,44.38,39.54,47.27,50.93,54.76,54.71,50.45,57.29,51.69,53.92,52.10
50.15,61.10,49.84,60.86,69.00,50.42,52.00,67.71,54.88,56.49,53.58,56.98,51.25,63.77,49.20,62.20,55.53,51.96,51.42,57.37,63.07,64.65,58.69,61.09,66.55,67.26,62.23,60.12,58.24,64.25,70.69,53.56,52.33,61.40,60.08,55.33,62.18,58.89,55.65,56.80,48.38,57.89,54.52,59.29,57.39,54.80,52.83,51.03,58.12,58.46,56.39,49.50,56.84,46.21,45.28,55.08,52.90,57.43,54.82,47.35,47.04,42.37,46.77,41.27,55.93,46.93,49.97,51.05,47.28,51.71,48.81,50.07,51.91,44.20,46.84,45.20,40.03,42.97,47.63,46.28,33.75,56.04,48.35,50.91,49.38,49.43,50.79,48.44,57.72,54.08,43.83,45.75,38.41,47.63,58.19,63.17,58.10,55.53,55.85,57.75
52.70,55.06,62.86,43.77,71.72,51.68,47.45,62.25,52.24,48.70,65.03,56.15,58.66,51.72,61.74,54.79,58.27,54.18,55.77,57.02,64.06,62.74,61.27,61.32,68.08,52.21,57.18,56.28,55.82,66.45,67.89,60.21,52.60,49.27,62.21,59.22,61.56,56.83,64.54,53.25,52.58,64.32,57.45,60.02,68.28,50.47,57.41,62.32,64.37,51.40,53.23,44.69,55.36,52.55,50.11,41.58,50.83,51.10,49.96,48.24,48.27,52.45,54.23,45.10,48.86,45.10,50.97,42.92,52.11,43.33,43.90,52.88,46.86,47.04,43.93,42.80,42.09,50.70,49.12,42.05,41.40,45.15,38.36,56.48,44.08,38.66,43.78,40.29,58.19,60.83,51.34,39.07,51.39,45.01,50.28,68.27,53.55,64.72,46.87,42.14
46.00,52.27,47.75,47.73,55.90,56.81,57.93,59.91,52.95,55.37,59.94,49.52,58.82,60.79,74.71,63.16,64.95,51.36,60.19,66.22,64.29,64.38,57.72,58.13,62.35,55.01,60.67,52.44,54.48,63.19,55.64,53.86,60.67,55.45,71.11,53.67,66.63,63.89,61.55,62.16,59.31,54.85,57.98,65.41,64.04,48.93,52.98,54.36,64.20,61.68,45.78,46.85,46.48,44.46,48.21,49.32,45.87,44.12,43.56,42.58,51.04,52.76,55.14,49.88,54.29,46.74,46.18,34.33,45.45,45.23,40.12,43.83,50.11,46.52,42.33,36.51,41.74,46.90,52.45,52.54,42.59,39.39,44.16,56.92,46.18,34.60,46.83,49.97,44.67,51.51,45.06,38.79,53.93,52.21,50.58,47.34,54.63,63.47,48.27,51.09
44.48,54.10,53.06,55.51,54.05,59.78,54.69,58.35,56.40,68.92,60.25,62.58,56.16,56.49,62.49,68.33,63.74,53.09,66.26,67.62,62.82,66.92,55.17,64.26,61.36,55.37,53.12,66.61,62.89,67.31,64.52,50.87,57.05,58.03,67.37,54.76,54.38,59.54,57.56,57.08,58.75,58.34,68.14,63.11,60.82,52.29,53.63,55.00,57.27,55.09,51.08,53.57,50.91,46.98,43.26,43.18,44.60,38.85,45.50,43.75,56.95,49.86,50.99,49.26,53.19,40.99,34.79,35.47,42.58,57.15,34.37,36.31,39.72,50.61,49.78,41.16,43.57,48.97,52.02,42.82,44.60,44.59,56.93,48.13,47.59,46.22,47.28,48.67,42.26,47.94,48.09,45.53,43.84,57.94,57.54,50.48,40.76,70.17,56.12,51.38
54.56,61.51,67.42,59.06,54.26,56.64,60.06,58.73,55.83,52.08,63.60,72.17,62.82,57.85,64.71,65.00,64.70,62.34,67.97,56.32,69.47,65.12,66.57,60.65,66.04,57.94,59.99,63.27,67.64,69.55,56.33,56.40,56.40,52.19,62.95,65.20,62.74,62.64,59.17,67.21,63.29,59.32,59.18,58.87,53.21,51.22,47.92,46.40,46.32,48.32,48.37,47.42,49.19,50.62,43.74,45.02,44.84,54.66,50.09,42.53,49.20,49.66,44.23,42.36,48.19,45.57,46.84,45.00,43.51,48.19,47.42,46.41,45.42,57.49,64.56,50.18,41.45,45.57,49.62,44.60,50.67,38.92,50.44,44.33,52.42,53.39,44.28,52.37,51.26,53.75,58.20,50.00,54.64,49.89,50.79,50.56,43.47,58.93,58.47,62.67
57.42,59.98,62.08,54.47,51.49,50.62,59.29,55.77,45.80,55.89,51.38,69.14,64.38,49.68,64.04,63.72,60.74,53.00,72.92,56.50,66.40,59.94,58.00,61.66,63.09,64.66,56.90,55.95,65.77,60.73,61.09,59.16,64.14,54.05,58.47,66.16,66.14,59.42,56.71,59.81,57.13,57.76,54.66,56.90,49.25,49.93,52.12,46.59,46.13,56.29,57.41,55.73,53.18,46.59,47.89,47.94,43.11,48.95,45.14,39.83,50.99,52.68,43.08,38.85,47.55,43.46,39.34,45.00,48.96,43.23,52.81,47.42,44.73,48.53,54.43,46.70,49.30,43.45,44.17,53.26,52.99,39.34,44.70,47.61,51.81,49.72,44.90,57.60,53.43,56.32,53.00,53.59,52.69,49.74,57.16,45.93,42.80,51.27,43.46,57.67
63.37,44.80,44.76,60.78,52.48,52.29,61.75,50.10,51.17,63.80,47.12,60.35,58.23,54.87,64.21,49.03,54.54,59.21,68.19,57.67,62.11,60.06,62.57,59.80,66.26,68.48,52.14,55.98,59.89,65.19,70.93,62.98,60.45,54.04,66.75,59.30,61.18,60.68,55.64,59.16,70.18,59.37,56.23,58.51,49.67,53.27,48.46,56.91,54.70,58.12,53.82,43.52,46.79,54.00,47.06,49.11,49.09,46.87,48.66,39.92,46.89,45.26,48.96,43.73,39.17,45.17,40.79,49.31,40.12,45.74,49.48,50.50,36.82,49.04,51.79,44.67,43.60,39.90,33.00,51.50,50.47,49.65,40.88,48.18,43.64,55.90,49.65,44.32,52.32,43.45,47.07,44.12,50.76,50.11,51.61,42.72,46.50,52.35,52.64,50.12
63.69,52.90,54.11,62.52,54.95,58.37,49.21,43.81,45.26,65.54,49.90,63.04,64.16,63.93,66.15,60.01,54.75,60.55,67.27,61.93,52.52,67.11,63.26,65.63,61.41,62.34,56.70,63.59,58.21,54.93,63.97,59.71,60.93,63.20,58.86,62.28,59.74,60.82,51.27,52.61,64.16,70.26,58.53,59.60,52.99,46.46,51.65,65.42,54.52,58.45,52.36,47.97,50.74,55.43,46.67,51.99,50.65,48.68,49.58,49.41,54.51,48.39,44.94,48.00,48.86,34.08,52.19,57.36,50.14,48.36,48.25,53.84,47.22,42.28,48.94,47.17,50.45,38.87,47.69,48.40,44.30,54.24,41.67,50.39,48.38,52.50,53.97,52.49,40.91,40.61,56.26,54.59,59.80,40.79,56.30,55.75,55.36,50.22,50.57,58.13
60.80,56.83,48.45,51.88,60.97,57.22,60.06,53.40,57.03,56.62,60.73,60.57,67.01,72.33,64.62,61.74,61.97,60.90,55.15,71.30,57.39,62.98,62.68,66.16,69.32,55.73,62.02,59.82,64.77,59.61,60.24,59.48,58.43,64.23,62.20,48.95,60.28,65.21,57.42,62.11,60.81,58.76,60.96,54.53,58.99,46.91,51.55,55.80,56.89,58.25,60.64,56.25,54.35,46.41,52.50,56.19,58.51,55.96,47.05,46.10,52.90,43.57,44.50,52.30,51.55,41.11,47.56,45.84,48.44,47.12,46.91,51.62,47.61,41.02,45.51,48.38,47.67,35.90,49.13,55.26,53.29,51.13,43.88,48.52,44.56,47.66,55.98,58.29,48.20,38.35,47.11,61.10,59.32,50.79,38.77,47.24,48.88,60.20,54.81,56.67
60.10,46.58,54.32,46.73,61.51,61.08,69.85,55.93,62.77,62.44,59.10,54.02,66.38,57.39,60.36,52.23,54.08,56.19,53.58,60.68,70.28,59.45,55.13,60.11,66.71,71.21,59.21,55.38,62.01,64.53,65.32,60.68,67.21,60.72,63.15,60.79,57.61,58.61,55.34,62.53,64.13,53.82,56.56,53.03,58.51,58.50,62.45,59.50,58.01,54.26,48.72,52.31,55.27,50.84,52.76,51.16,46.54,52.77,52.90,53.89,43.66,52.38,49.01,55.34,50.01,44.20,42.23,40.71,46.35,49.13,38.97,55.61,42.79,34.71,42.02,48.56,48.47,40.65,45.27,44.89,49.88,48.83,46.95,41.06,44.60,39.85,42.15,41.38,55.41,41.22,52.47,52.12,56.00,53.76,40.05,46.57,52.37,54.26,46.10,50.59
55.98,44.18,55.92,50.94,58.38,62.49,51.42,56.89,57.90,61.57,60.22,46.71,53.96,56.32,66.27,63.17,55.62,66.25,60.95,57.67,64.49,57.91,61.23,65.01,61.94,62.41,60.17,54.42,60.97,65.52,61.46,54.81,70.03,64.11,61.89,61.80,58.01,56.94,63.00,70.59,59.99,50.40,52.83,49.09,50.00,48.53,59.66,57.42,64.01,58.42,58.40,62.54,49.18,48.15,51.32,40.74,41.28,51.44,56.71,52.87,54.88,56.90,45.44,48.91,51.29,52.20,40.30,42.63,49.68,44.87,38.90,46.24,42.89,33.05,51.79,46.58,49.93,40.33,41.22,41.74,49.18,45.86,48.81,58.09,52.15,38.04,46.10,41.65,42.60,48.12,47.46,51.23,53.04,49.71,41.06,41.42,50.39,51.85,52.78,55.40
55.61,46.64,46.45,57.02,52.22,58.45,51.32,56.12,52.10,55.39,64.49,51.66,49.64,60.34,66.22,63.55,63.07,63.46,58.41,64.34,60.14,55.65,67.06,58.65,57.01,69.12,56.37,57.06,59.62,65.92,50.35,58.35,65.22,66.89,69.19,58.54,60.10,66.28,57.63,55.82,61.00,58.11,59.99,58.75,51.82,54.75,58.44,49.59,54.99,53.09,50.12,49.56,52.33,48.64,53.39,48.58,42.24,49.28,49.47,42.50,52.72,57.33,43.12,43.64,43.27,42.77,34.28,41.93,43.88,42.81,51.96,48.94,43.58,38.88,49.51,59.33,50.72,42.66,40.31,43.96,40.19,34.85,53.81,55.48,48.53,48.51,48.04,45.18,46.56,51.38,56.95,51.26,47.86,49.16,42.94,46.12,39.52,49.69,62.73,62.20
51.95,51.05,54.48,63.45,54.72,60.79,59.53,55.90,59.19,59.74,63.08,51.44,55.76,62.30,74.45,61.54,57.15,55.72,54.94,63.21,57.85,63.75,66.34,53.35,61.03,65.39,63.92,58.87,63.76,64.58,53.57,54.31,56.23,55.41,67.93,63.67,51.46,63.02,61.89,60.43,53.98,52.10,51.63,52.14,59.52,55.27,56.81,51.00,45.91,51.32,51.41,51.14,54.19,47.15,45.56,56.87,49.51,45.03,48.56,44.58,48.56,49.62,48.11,39.91,42.21,41.85,37.77,47.61,48.41,47.94,51.62,45.51,38.61,40.77,42.67,45.88,54.34,42.60,46.08,36.93,37.38,44.84,43.04,43.54,51.56,58.48,52.31,53.18,57.85,46.91,53.76,42.77,53.21,58.37,50.50,38.99,53.69,44.39,61.54,65.81
49.50,59.08,53.84,64.46,44.61,61.03,50.21,51.95,59.00,60.22,63.47,49.68,51.11,63.06,60.21,64.01,57.69,52.67,66.03,51.25,61.79,61.68,63.96,67.63,65.79,67.70,59.22,66.04,70.83,71.87,66.58,59.06,60.07,64.64,62.09,61.86,61.00,62.75,57.93,60.06,56.93,52.70,53.57,51.92,61.19,61.77,54.79,59.65,55.95,56.03,59.79,57.25,46.83,54.51,54.70,51.95,55.05,48.08,45.34,47.09,51.42,47.83,39.71,45.58,46.46,43.64,40.94,43.14,52.04,55.75,51.59,46.41,45.38,42.43,42.42,37.86,47.35,53.56,55.43,46.84,46.34,48.91,44.47,51.03,55.84,51.74,52.59,57.93,59.63,49.48,46.48,50.17,54.06,48.86,56.86,48.12,53.28,47.12,60.91,56.17
44.57,59.51,51.71,53.74,46.32,60.08,54.86,60.49,52.26,64.57,65.30,49.00,51.87,60.39,61.05,57.28,60.78,61.93,64.10,60.41,66.36,58.92,69.11,57.61,56.71,68.88,52.81,61.11,67.50,60.41,63.32,65.48,58.88,68.38,58.64,62.53,59.31,54.97,48.84,49.59,56.77,57.66,57.79,61.63,56.04,53.15,53.64,52.90,53.69,66.08,58.84,54.85,48.73,50.92,57.98,51.71,55.84,49.29,53.62,50.45,48.44,44.35,42.41,50.14,51.51,41.75,45.82,39.86,45.63,52.82,47.29,45.55,40.59,46.06,46.80,45.71,48.53,57.62,59.43,51.01,42.97,41.82,49.40,50.23,48.86,51.64,50.49,46.94,52.42,45.91,54.22,52.24,44.58,53.77,53.66,58.12,44.53,59.52,60.91,56.75
54.34,60.43,47.38,62.30,56.99,68.33,58.54,63.72,56.24,62.54,57.59,51.13,65.71,64.97,61.18,58.23,62.43,60.97,65.56,64.81,66.92,64.97,59.01,60.08,60.50,68.52,59.77,63.96,66.62,57.39,58.16,60.12,60.62,57.38,62.03,66.74,62.48,52.13,64.77,60.24,53.09,59.63,60.85,50.94,60.27,59.84,54.49,46.92,50.74,54.37,51.69,51.77,57.02,50.39,48.39,53.88,54.94,43.18,49.18,45.34,54.16,49.00,41.40,40.66,43.18,43.09,49.95,53.90,37.22,47.14,44.66,40.40,43.47,42.44,51.80,57.66,44.36,57.99,51.50,44.75,49.93,40.43,46.04,47.60,50.70,51.70,43.04,53.24,42.50,45.51,49.69,57.53,42.17,55.09,45.46,57.78,47.34,47.21,55.65,66.58
57.89,59.46,48.12,61.80,70.20,63.38,59.59,57.90,68.34,58.52,54.43,56.19,65.41,63.84,65.13,70.99,69.67,65.88,64.02,56.65,59.22,59.07,71.10,65.99,57.00,62.83,62.61,67.00,71.72,64.56,58.89,51.00,51.61,55.63,57.28,53.57,56.30,51.77,59.81,62.36,59.19,57.23,50.64,50.61,56.14,55.13,56.06,46.75,59.14,50.33,52.13,59.27,49.69,45.54,51.97,54.22,48.09,43.20,40.59,50.62,53.01,48.18,39.41,49.00,46.17,38.91,48.25,49.48,44.24,45.62,41.28,44.85,54.17,47.69,40.51,48.20,42.25,46.12,51.92,38.04,45.01,35.80,51.71,44.61,46.05,59.21,49.78,53.03,44.05,46.58,51.31,58.95,59.05,53.88,44.11,55.49,42.36,54.84,54.25,52.08
60.98,58.87,52.55,63.51,53.20,56.78,55.94,57.10,60.16,51.59,56.59,58.26,52.18,61.70,64.82,70.68,61.73,67.03,53.79,60.74,66.67,66.31,66.73,61.64,57.72,57.01,69.97,62.95,63.03,62.18,58.08,60.48,63.41,60.16,54.94,58.40,56.30,51.02,61.86,57.73,52.88,63.43,53.58,51.33,55.25,61.60,52.56,56.08,61.05,63.40,57.82,54.22,60.13,51.37,52.70,51.19,43.68,42.35,46.75,48.40,44.73,48.73,50.51,46.79,55.80,56.26,49.81,45.87,51.23,42.24,44.63,50.77,43.77,47.08,40.07,44.14,39.48,37.78,39.06,45.55,44.88,43.96,55.31,42.61,46.81,53.26,55.38,49.95,39.55,49.83,59.58,54.46,47.70,44.96,54.70,65.01,54.61,50.15,52.07,58.11
63.15,60.43,49.40,51.21,54.23,55.04,65.07,56.29,55.05,52.39,60.09,55.95,56.73,54.62,61.23,62.94,57.97,67.65,60.17,63.14,68.84,64.60,61.86,56.32,56.86,63.07,68.43,72.70,64.90,62.93,50.78,61.16,53.03,63.00,60.60,56.54,65.52,65.57,60.86,61.62,66.29,62.22,53.93,49.60,50.11,54.38,57.44,59.99,55.83,55.26,45.45,58.01,60.73,55.73,54.25,46.65,43.99,45.58,43.52,48.12,48.11,56.91,54.27,54.34,43.83,54.76,54.94,42.98,40.83,43.21,58.18,54.29,49.83,56.64,53.30,42.95,42.36,38.17,39.68,41.24,37.51,52.26,61.57,45.92,48.35,48.34,47.72,47.74,43.00,48.54,50.12,40.13,44.91,50.58,46.07,51.57,58.10,46.69,49.17,54.34
57.21,56.86,58.59,60.96,54.82,55.87,58.08,55.32,54.49,56.22,59.31,48.20,53.34,63.11,61.02,67.47,64.86,66.59,59.30,60.81,63.06,62.50,68.40,55.86,53.93,64.20,55.26,61.58,66.68,61.54,64.25,63.69,53.86,57.60,59.75,54.66,62.95,62.99,67.71,69.82,67.39,64.91,63.88,58.15,55.81,65.39,60.50,53.67,49.92,55.24,48.02,58.65,63.57,50.07,57.45,47.18,44.88,48.14,48.79,49.84,55.04,47.83,46.87,52.28,44.89,53.81,47.35,53.38,45.16,41.65,45.97,51.43,48.73,52.37,50.62,44.62,51.16,51.49,46.73,50.89,47.08,51.16,59.46,40.51,48.98,49.59,46.98,47.98,46.15,50.17,55.70,46.03,40.49,56.33,49.29,44.03,51.72,48.37,49.41,56.85
61.12,62.66,53.02,54.03,64.97,61.38,48.33,60.49,49.10,62.02,63.09,66.74,59.05,54.06,63.66,56.75,66.76,64.75,53.96,48.83,55.96,52.98,59.67,67.68,62.82,65.69,65.34,63.98,64.65,64.75,71.51,67.23,65.73,63.93,60.32,64.22,59.41,65.26,50.81,52.55,54.19,58.97,63.29,57.91,57.49,58.72,65.96,50.33,47.89,50.36,58.53,56.31,49.85,49.43,47.38,49.88,51.98,49.48,54.05,54.34,48.86,42.62,43.30,42.93,43.26,48.51,47.47,51.58,51.56,54.91,47.20,45.92,39.10,40.54,54.97,52.61,45.05,45.75,48.85,40.90,54.74,46.55,49.86,40.76,38.74,48.16,54.99,39.81,56.76,50.83,43.75,42.11,41.28,42.87,47.17,56.72,55.17,62.89,53.01,44.82
57.96,51.45,49.44,56.31,66.89,51.21,54.44,68.93,51.71,66.61,69.71,68.01,71.24,52.66,61.02,65.96,66.87,57.70,54.12,55.91,59.85,57.38,61.84,66.33,63.55,58.94,63.48,60.82,55.61,56.24,58.98,57.89,59.29,54.39,59.50,53.63,59.76,58.39,48.42,55.15,64.71,60.21,61.24,59.96,63.53,60.92,60.42,49.46,48.65,45.34,51.73,56.62,59.13,52.31,47.21,50.85,45.23,53.20,49.57,49.93,52.17,40.11,38.75,39.42,43.99,45.54,42.74,48.53,47.13,50.40,50.15,45.39,36.92,48.95,54.26,49.80,48.99,53.73,53.73,45.24,50.77,57.04,51.28,51.60,50.81,53.82,58.97,37.50,42.04,54.60,42.43,48.89,52.10,48.71,44.68,56.48,55.75,59.11,50.84,45.54
58.62,59.35,55.67,55.91,50.68,51.11,65.44,73.05,48.19,58.89,56.51,61.70,58.21,49.30,61.03,60.47,61.92,54.85,62.96,62.27,55.08,64.05,69.50,72.55,71.66,57.05,69.14,63.37,60.61,53.85,51.54,59.22,68.07,55.75,56.33,60.42,58.52,54.41,61.67,65.79,65.11,60.29,68.69,59.62,53.02,58.00,54.50,54.91,45.42,47.54,54.61,50.31,55.24,53.10,43.26,50.72,43.81,54.48,54.93,43.66,45.56,43.44,48.94,53.16,49.59,52.50,42.92,48.52,48.91,40.96,48.78,49.18,46.31,53.57,55.47,43.70,52.82,48.54,47.48,48.77,57.00,50.64,49.66,41.03,52.86,62.08,52.36,38.27,54.97,52.28,53.36,40.99,50.11,44.99,45.61,56.61,53.56,48.18,51.04,54.77
40.82,51.55,57.61,60.72,53.53,58.96,62.39,66.66,57.23,54.86,53.63,53.07,63.83,66.66,65.00,54.75,59.42,52.04,57.27,60.09,62.91,60.43,64.03,71.68,63.36,55.91,72.22,58.99,66.53,61.74,62.05,60.72,60.41,58.81,56.33,57.60,48.09,58.04,54.82,57.19,62.36,54.69,59.45,52.49,61.37,59.68,52.88,49.17,41.15,46.33,50.05,60.73,53.45,56.06,52.21,49.89,43.62,42.91,55.58,48.20,45.36,49.26,50.32,50.18,48.41,43.80,52.51,50.44,42.09,49.95,44.07,45.26,45.39,46.99,48.06,41.34,42.92,44.95,43.19,55.44,46.98,47.34,44.77,48.15,39.78,45.81,54.75,43.89,55.21,56.61,57.91,41.79,44.64,41.06,55.90,62.08,70.20,52.55,60.77,63.12
57.73,54.32,50.95,48.47,66.32,54.36,53.05,53.44,60.18,61.44,45.66,48.74,67.96,58.91,49.29,48.13,56.50,53.15,53.59,60.24,69.80,65.36,66.84,63.05,59.98,72.17,67.82,68.45,58.37,58.26,63.71,57.98,52.77,67.53,60.40,60.63,59.56,60.90,61.27,54.46,61.48,57.46,57.46,59.31,62.76,53.69,45.60,45.33,45.84,48.63,59.25,56.67,53.33,57.69,52.77,55.73,59.00,49.79,56.07,47.70,39.34,44.94,42.12,46.70,47.12,53.54,57.79,60.40,54.67,46.85,38.18,44.35,46.32,45.77,42.06,41.89,41.84,38.44,43.74,47.44,57.04,53.35,51.55,52.39,38.05,43.39,50.56,53.23,45.12,59.65,59.70,43.32,49.77,46.29,62.30,57.97,51.98,59.88,48.08,52.80
57.45,63.31,52.13,47.37,59.29,61.94,57.45,63.50,54.82,65.99,53.43,61.16,57.97,50.30,53.70,52.20,68.19,66.47,64.22,55.37,71.67,63.13,61.95,68.69,61.84,62.26,61.12,60.01,56.44,62.23,68.12,67.46,69.40,67.56,62.04,62.21,61.05,56.92,54.49,62.13,62.41,63.24,65.31,61.12,52.20,39.64,44.98,51.77,48.83,45.79,44.80,53.97,55.28,54.78,48.30,46.37,43.21,47.10,47.06,41.52,51.09,50.94,49.51,41.51,35.86,53.19,51.61,49.66,55.03,47.27,37.76,44.30,47.74,37.60,35.35,49.95,47.77,41.67,41.82,49.57,58.65,45.46,46.17,54.88,53.39,53.10,48.26,44.65,49.65,45.22,62.34,39.92,47.22,55.00,59.83,50.56,58.36,44.35,52.53,48.46
56.22,62.24,42.43,42.26,48.07,54.82,67.12,53.85,61.10,64.16,52.99,54.33,67.43,56.91,57.62,55.40,76.71,65.67,68.97,62.57,66.14,59.98,56.89,57.86,60.54,69.45,67.84,63.22,63.75,64.81,72.77,67.64,54.94,65.43,64.76,62.88,65.28,66.78,58.16,63.25,62.57,58.89,71.73,65.46,61.10,55.20,49.30,48.82,48.27,47.23,53.55,62.11,51.76,55.27,50.71,50.19,55.86,49.87,41.65,41.53,44.72,54.56,56.15,43.61,37.60,50.14,44.53,49.69,50.79,43.60,38.80,40.29,42.04,42.30,45.77,49.59,48.58,35.91,35.95,47.97,50.38,55.98,40.16,49.64,49.96,64.33,49.28,52.31,38.52,46.88,63.06,46.64,55.92,58.10,64.15,40.88,60.64,47.51,50.83,56.43
58.36,63.45,62.29,62.13,65.61,54.53,58.31,62.36,46.10,61.65,59.63,57.11,59.98,59.68,50.25,62.89,63.05,56.97,61.16,66.18,67.78,61.02,62.26,59.24,55.57,65.86,65.00,67.58,62.62,66.17,56.77,60.79,56.16,61.66,65.50,63.47,56.40,56.23,51.39,52.54,60.99,64.53,62.95,60.80,53.15,57.40,49.94,54.68,53.63,49.17,48.36,47.34,53.03,48.61,54.75,53.09,46.12,57.56,49.49,52.47,50.12,47.21,51.04,48.32,45.10,50.62,55.32,54.18,48.63,47.58,45.61,44.73,46.53,51.94,49.23,49.46,54.40,46.09,47.48,42.42,39.51,43.96,47.30,48.08,55.87,47.18,45.00,52.64,42.06,53.33,52.11,60.57,56.72,42.83,51.21,37.17,60.70,56.25,54.56,51.27
56.06,46.28,58.85,63.12,55.81,57.31,52.74,57.78,62.32,60.94,66.93,58.22,53.53,56.49,59.36,51.46,63.37,62.40,63.59,57.82,62.59,57.38,56.72,54.31,63.39,53.08,62.83,60.29,64.12,63.44,61.05,59.70,49.40,57.56,60.88,59.02,57.63,57.47,58.59,55.42,62.22,65.30,51.71,57.77,52.53,48.11,56.18,57.58,50.40,56.14,50.59,49.58,49.73,56.91,50.72,52.02,48.58,49.70,44.99,51.16,53.04,44.54,54.16,48.90,40.67,45.07,47.96,43.36,45.29,38.29,44.26,49.98,46.66,56.25,44.81,47.11,44.91,49.44,49.03,43.47,49.00,51.29,50.88,38.84,37.25,42.41,48.11,47.57,41.43,47.01,47.69,60.96,47.64,41.79,35.61,43.48,61.11,50.75,56.39,57.55
64.21,63.83,52.63,44.75,54.02,58.45,48.87,55.47,58.00,51.26,59.19,57.52,62.47,70.69,54.12,50.66,57.53,60.38,59.60,57.36,66.63,53.25,54.54,64.51,69.69,64.60,70.03,54.73,65.83,66.96,60.93,62.32,61.24,52.55,65.25,70.25,67.67,71.53,59.22,54.73,68.12,63.16,57.15,63.43,63.51,58.05,54.52,49.65,56.84,49.91,50.31,53.29,54.64,51.22,40.83,54.68,54.28,48.21,44.57,46.09,49.65,43.06,44.04,49.83,49.62,43.12,45.81,50.53,46.88,49.10,50.73,53.14,51.16,57.80,44.50,46.25,46.31,48.63,43.92,35.83,49.55,45.74,42.99,42.03,52.20,43.29,55.22,48.38,51.36,43.76,43.75,52.78,45.13,47.43,39.25,54.03,57.49,61.02,65.27,66.84
52.26,56.17,60.38,65.45,65.79,59.64,50.33,63.63,70.26,66.14,66.10,60.65,64.15,53.53,63.62,47.03,57.19,57.39,63.11,56.84,69.32,63.46,65.83,58.88,55.92,63.70,66.80,61.13,68.77,64.80,67.98,66.22,67.84,57.50,52.59,50.05,60.42,68.14,64.44,56.28,56.52,53.17,61.07,63.59,57.74,58.50,56.87,55.44,63.95,58.10,57.70,52.87,47.79,51.43,38.35,50.93,56.67,49.75,38.88,48.61,51.43,46.34,52.85,54.76,53.73,42.49,45.97,52.13,54.90,49.29,51.18,53.31,53.61,56.87,56.16,45.96,47.57,46.99,47.37,49.86,54.60,44.18,45.15,56.98,58.10,45.62,38.58,46.35,38.97,59.94,50.54,53.71,43.87,43.84,52.78,55.92,47.48,55.18,64.84,66.07
48.13,54.16,49.36,55.35,49.85,68.01,62.70,57.61,58.25,53.22,53.22,50.25,57.51,67.69,52.68,59.24,54.92,57.09,61.65,65.91,58.76,58.08,72.52,65.56,62.46,55.72,62.65,66.16,68.52,64.65,56.77,61.22,67.63,59.37,56.78,70.26,60.43,58.04,64.69,56.49,60.59,59.80,58.07,54.15,61.41,51.32,55.91,60.84,53.73,55.33,54.79,62.83,59.55,50.65,40.98,52.59,46.01,45.88,49.50,45.15,42.92,46.79,48.48,50.46,54.92,43.46,42.87,47.60,39.64,40.81,49.54,51.35,55.35,47.80,51.04,56.97,47.31,34.81,39.06,49.71,50.22,47.50,42.04,43.72,55.22,46.39,50.96,43.92,41.80,61.87,51.26,48.46,54.09,47.06,62.08,53.97,51.31,49.30,58.73,53.53
58.89,54.24,49.28,52.37,59.56,59.92,59.62,55.88,64.21,61.25,62.42,50.66,64.37,69.69,58.10,61.68,55.89,57.14,52.02,59.36,62.71,53.41,67.01,58.89,61.45,59.23,58.90,65.54,67.65,62.51,66.61,63.19,61.87,56.28,56.38,70.30,56.19,61.48,64.75,58.88,59.78,61.46,65.04,51.40,52.43,58.14,54.03,59.02,53.76,48.96,57.06,64.02,56.39,56.05,54.20,56.20,53.26,48.37,43.87,48.69,62.88,50.38,55.74,48.36,42.48,37.21,43.28,40.77,40.69,35.76,45.40,56.29,54.05,47.63,47.74,43.30,43.84,45.58,42.40,36.75,50.57,59.99,48.87,55.82,55.67,46.15,49.01,43.87,44.52,46.09,56.88,52.51,51.32,46.81,55.74,60.96,65.70,52.15,55.20,50.79
53.41,48.35,46.92,41.98,54.32,61.46,49.53,49.79,61.51,66.86,58.31,50.53,65.61,60.32,64.93,58.61,52.08,63.09,58.70,61.73,59.74,59.60,66.27,59.09,72.96,63.50,62.89,75.74,72.98,53.41,56.04,56.74,54.24,63.76,72.73,69.10,59.14,58.07,52.74,54.08,59.19,65.49,59.19,56.19,58.06,60.16,54.92,58.90,55.36,52.74,52.56,53.67,52.91,58.85,52.27,48.36,53.92,52.11,43.86,57.43,47.46,48.94,54.50,47.70,40.07,31.02,37.02,45.63,53.48,51.95,39.84,42.08,52.75,49.91,44.88,49.34,40.38,39.19,45.43,42.14,49.19,45.82,61.85,40.70,50.10,44.24,43.22,44.31,51.68,43.36,50.32,51.07,55.11,58.56,55.72,52.46,49.87,56.58,54.05,57.26
46.94,41.11,51.07,62.83,53.45,55.06,58.53,53.78,58.29,57.16,64.37,53.09,62.88,60.55,68.21,70.71,67.20,55.00,59.67,63.33,68.06,76.42,67.64,61.36,68.82,66.67,61.36,63.64,61.67,60.98,56.39,58.34,67.30,70.14,63.98,52.46,49.16,53.92,63.82,62.87,61.89,59.71,67.17,58.61,55.71,65.68,49.44,41.75,54.20,60.16,51.02,58.25,59.70,56.22,62.71,51.86,48.37,49.11,46.13,54.92,48.79,48.78,43.12,54.39,42.83,45.47,50.37,47.70,37.19,51.14,46.68,33.19,50.62,54.27,51.06,50.20,54.37,45.01,51.44,55.73,49.58,51.01,44.91,50.65,49.67,40.59,46.66,53.06,44.90,40.31,40.71,43.48,56.12,50.29,51.14,55.18,40.70,48.90,64.36,65.66
63.42,55.88,62.78,52.41,65.58,62.30,52.01,67.36,55.39,61.83,59.66,57.78,50.89,70.81,61.17,48.01,56.84,66.36,54.60,64.40,66.10,57.89,58.97,56.24,67.26,67.94,61.37,65.82,61.42,72.00,53.60,70.37,61.44,58.68,57.70,49.50,62.56,65.71,61.20,59.35,55.50,64.62,61.12,64.18,60.38,54.76,51.71,41.71,51.64,65.68,61.42,45.94,54.11,55.28,46.88,42.79,40.71,41.27,50.68,47.62,52.27,53.84,44.04,52.67,47.27,51.87,52.21,50.37,51.28,51.54,42.64,37.91,53.65,44.07,53.17,45.82,41.38,52.37,43.67,48.45,44.07,53.07,45.64,49.93,55.34,53.74,56.75,57.81,47.67,57.69,52.69,36.18,43.69,57.14,43.09,55.14,46.64,55.87,41.85,45.08
49.68,48.38,51.99,51.61,58.33,59.27,45.77,69.12,58.95,50.23,68.37,58.86,63.12,54.87,57.47,55.06,47.47,58.53,65.81,63.90,56.36,56.03,65.47,54.18,54.26,56.52,65.91,60.67,48.68,53.07,68.59,60.88,61.88,59.25,64.11,67.75,56.98,56.44,61.16,53.61,47.79,59.72,63.48,58.68,59.46,57.19,54.23,50.19,49.92,46.39,52.56,44.64,50.29,44.32,46.31,50.71,51.27,41.51,48.42,47.62,49.78,46.10,43.30,48.23,44.98,55.06,60.08,45.62,43.31,39.06,37.69,46.91,46.37,46.04,46.35,46.12,49.70,58.23,44.87,45.14,51.30,52.46,51.18,56.75,46.87,38.82,60.37,44.19,45.10,54.59,58.99,51.55,55.50,52.20,40.42,50.13,64.65,64.99,52.10,50.41
56.59,50.66,49.15,59.37,61.94,50.34,45.57,46.90,65.78,53.65,48.70,54.08,53.53,52.57,52.86,62.63,55.41,62.04,60.44,60.21,45.77,52.48,53.60,59.65,62.06,56.01,68.67,62.91,49.16,52.88,52.59,51.05,61.84,52.05,69.65,61.77,61.22,68.44,65.35,72.79,65.28,50.25,50.33,58.61,52.65,55.40,54.01,54.71,56.88,54.46,52.13,49.55,52.71,44.97,49.45,50.70,45.56,51.07,48.09,53.18,55.64,58.64,57.36,49.79,47.49,55.08,58.52,46.25,34.49,42.75,36.25,42.91,41.09,45.66,38.84,40.44,51.72,47.29,39.82,54.85,56.29,48.91,42.01,40.62,51.44,50.34,55.73,50.84,42.42,44.57,52.21,63.07,43.47,55.66,46.86,65.41,50.31,53.10,45.37,47.48
57.97,53.19,60.61,67.64,60.88,48.42,62.01,54.00,57.93,52.82,59.44,50.90,52.45,52.28,52.33,53.85,51.92,68.11,58.91,55.21,67.80,67.54,65.70,71.28,72.71,67.97,70.32,67.31,58.94,66.01,67.42,66.57,67.25,54.30,61.99,65.27,64.71,63.07,66.02,71.02,60.31,53.29,58.22,49.72,54.75,55.06,52.87,48.24,56.37,57.22,55.13,53.65,49.12,42.97,44.95,52.57,58.75,54.04,58.20,52.12,55.24,54.97,49.56,42.57,45.38,48.21,52.49,40.82,46.54,60.20,46.91,39.09,37.41,38.93,52.68,44.84,44.61,42.97,38.83,43.03,40.17,48.14,48.48,55.75,39.32,57.05,36.49,40.30,53.19,57.63,41.11,51.14,55.81,66.17,50.30,42.27,47.33,45.15,40.22,44.26
58.79,40.35,62.05,60.42,61.36,49.53,54.67,46.70,52.05,53.94,57.10,52.64,56.34,65.96,62.01,55.16,69.53,52.67,62.74,66.49,58.20,58.08,61.80,61.54,64.01,55.16,55.26,59.35,58.93,63.72,71.50,66.67,63.88,59.56,48.85,55.61,59.60,59.99,66.49,64.63,51.09,52.26,54.60,50.48,60.88,64.86,65.13,53.34,44.41,46.69,60.00,49.93,37.88,40.23,49.79,55.96,57.51,50.15,47.03,50.82,41.55,46.42,48.88,44.44,56.63,54.29,46.94,50.01,50.16,43.75,41.99,42.16,42.27,47.67,46.73,44.05,37.42,43.72,44.89,51.06,45.51,57.65,49.05,56.52,42.78,38.12,35.07,34.57,52.71,57.15,52.22,47.17,48.81,54.18,59.39,55.64,54.47,47.14,64.59,62.18
53.12,61.62,55.39,47.23,49.62,53.69,69.17,63.40,56.40,67.28,60.43,64.39,54.71,57.50,49.98,48.02,67.70,51.95,65.62,60.56,52.07,57.47,68.25,68.98,64.53,71.42,68.51,64.49,66.14,69.20,68.61,67.71,72.60,66.57,57.53,60.36,63.49,62.36,56.39,50.32,47.82,61.97,66.26,55.32,56.69,50.30,61.60,65.37,54.44,42.41,42.88,43.88,44.42,52.40,55.68,43.09,39.62,47.86,57.82,56.81,44.07,44.65,55.92,56.75,54.31,59.50,52.59,58.70,42.60,50.33,55.44,59.28,47.28,54.35,39.28,44.43,45.07,47.70,49.27,43.41,40.44,44.90,54.03,55.98,53.98,41.21,51.40,55.92,37.82,48.02,50.95,45.65,41.71,44.50,44.28,38.56,47.56,55.60,57.54,50.08
56.01,62.48,42.45,53.15,48.02,60.75,56.47,59.45,59.38,71.08,54.82,59.86,55.20,64.66,65.06,63.36,50.22,57.13,68.24,62.48,69.22,57.59,61.07,59.10,58.51,66.33,58.51,63.05,60.83,68.21,62.83,69.11,72.56,63.82,70.97,68.84,53.34,62.52,54.85,53.65,51.98,62.64,58.54,55.44,54.89,57.56,58.69,59.52,48.34,54.30,60.91,50.45,48.07,50.61,51.46,51.18,41.71,50.72,45.83,45.57,48.04,46.22,57.86,53.74,51.38,48.48,39.58,39.51,43.14,41.90,52.10,48.46,44.07,45.40,42.74,46.11,40.61,36.89,39.47,38.07,49.31,40.68,38.51,55.45,60.79,50.74,47.03,54.09,38.12,45.88,40.36,43.49,63.15,57.29,58.71,60.00,54.97,53.80,51.96,50.58
48.94,52.28,40.57,51.65,50.38,56.20,53.22,54.85,61.20,54.73,69.63,59.42,55.83,51.57,68.82,62.37,56.74,55.86,61.59,66.70,62.77,52.87,52.36,55.14,71.42,80.00,73.44,65.37,62.15,65.05,55.55,60.99,60.87,50.33,73.60,69.20,63.90,59.87,51.63,54.69,66.83,62.90,60.17,51.82,53.16,57.07,57.72,63.82,56.20,56.89,50.83,43.00,44.35,48.03,56.37,55.47,50.00,61.05,48.58,43.14,47.45,58.70,59.38,47.54,43.52,57.78,48.01,46.07,51.72,40.70,49.32,52.49,41.93,46.37,45.72,54.71,52.67,49.52,40.05,43.07,56.62,51.25,50.28,39.58,55.68,37.62,38.39,56.53,61.27,63.94,52.04,43.61,55.42,44.96,59.66,48.85,52.95,44.77,45.01,51.53
61.13,51.61,43.29,52.00,48.62,65.66,63.39,43.36,66.41,56.23,49.30,54.63,47.91,57.49,71.03,68.77,55.20,60.78,59.06,59.59,58.96,59.66,54.37,66.26,67.68,58.22,66.14,54.04,62.27,57.06,58.21,65.80,64.69,61.35,58.17,48.15,52.91,61.26,62.16,50.89,54.37,60.09,57.62,60.67,54.73,53.07,52.95,49.26,45.47,51.57,48.29,57.02,59.03,47.71,54.65,58.44,51.20,49.27,50.66,48.88,51.51,50.51,51.32,50.84,55.61,46.64,43.01,38.58,46.90,47.97,46.10,50.74,46.06,50.63,54.31,52.83,49.67,54.00,40.05,48.10,59.09,51.10,36.54,54.28,39.87,40.21,42.89,42.38,49.14,50.38,62.79,53.54,51.84,55.60,55.94,43.00,42.48,53.22,57.79,59.08
43.33,58.39,60.19,59.41,67.58,68.58,58.57,58.63,62.32,59.09,56.08,59.02,61.90,55.43,57.38,66.24,63.90,56.17,57.04,57.47,68.97,69.74,62.92,64.79,64.80,62.23,61.09,49.75,48.98,63.37,54.87,59.41,65.62,52.16,55.15,66.21,66.99,56.61,58.56,55.36,61.06,61.82,53.95,52.90,64.31,55.93,47.99,65.44,59.06,49.77,47.23,51.96,51.67,58.71,43.67,51.41,49.80,53.97,53.55,57.44,50.30,44.65,37.23,42.28,48.85,57.44,55.51,43.16,39.39,37.50,54.18,43.29,37.97,43.96,45.51,42.01,41.14,41.15,34.71,32.39,40.92,54.00,49.58,49.31,46.53,54.43,62.12,52.31,58.87,50.23,61.66,42.93,48.82,48.09,61.39,62.83,51.23,57.51,62.47,65.14
37.28,42.75,48.23,44.95,60.82,54.19,61.52,66.63,58.58,53.52,57.98,62.04,60.03,55.92,61.58,49.28,58.59,58.59,61.74,65.56,53.84,68.77,61.31,56.95,57.63,59.11,69.26,55.48,49.10,60.95,50.99,64.32,59.37,55.98,57.37,57.98,63.30,66.06,61.79,59.88,56.77,56.58,60.62,53.97,55.32,58.87,70.94,63.81,54.88,56.71,60.23,51.72,63.37,54.21,46.37,56.00,55.21,47.00,43.91,39.92,39.63,46.95,49.75,47.04,51.73,50.81,47.06,39.96,44.11,54.91,50.32,38.96,49.32,40.35,44.66,38.55,48.96,47.09,49.95,38.86,45.10,41.31,49.59,40.38,35.21,49.12,40.08,39.16,50.60,55.81,58.44,46.26,48.99,53.17,37.96,58.06,42.45,59.75,60.44,65.38
56.00,43.17,56.18,59.41,62.39,63.47,51.10,61.90,55.82,55.92,71.48,60.16,63.23,73.37,58.42,74.56,61.81,57.58,50.17,49.85,60.83,49.07,56.92,63.71,63.29,52.58,67.75,70.97,65.80,67.81,67.35,60.36,62.47,66.96,67.18,63.83,61.24,59.16,59.89,58.77,57.33,63.36,64.15,59.73,51.44,58.32,63.40,52.75,59.03,54.97,49.97,57.21,46.52,44.33,55.21,61.74,48.89,49.64,54.01,57.41,54.99,45.45,55.63,53.58,44.91,47.06,45.65,48.73,43.02,49.89,59.84,57.34,56.70,53.38,42.76,55.60,57.20,47.66,47.09,36.88,45.63,53.04,42.25,44.76,47.90,38.38,54.86,45.64,38.45,41.13,52.61,63.64,42.76,36.71,52.73,44.80,53.38,47.28,58.26,61.45
62.70,56.32,46.43,49.18,38.57,48.05,72.23,52.39,50.52,44.36,67.34,72.01,67.08,65.76,71.93,66.00,70.01,59.23,56.19,59.27,52.71,55.47,63.38,50.69,68.20,70.93,62.48,61.43,65.27,68.94,59.65,58.23,69.77,67.81,61.03,63.03,67.70,52.41,57.17,57.78,54.01,54.87,62.39,60.67,56.76,52.19,59.21,63.33,63.14,63.57,51.92,60.01,54.52,59.34,58.77,56.18,39.27,47.47,47.75,53.11,53.32,45.10,46.59,54.27,40.80,51.82,41.37,48.20,48.76,42.15,45.77,54.27,40.86,42.00,45.63,52.66,50.54,53.59,39.06,30.24,45.29,54.44,50.97,39.88,44.60,56.82,41.75,48.09,47.20,44.23,43.62,41.02,58.49,46.63,49.94,40.71,41.44,50.85,54.55,50.67
47.29,46.23,51.69,40.26,61.17,66.40,64.01,50.61,60.71,57.08,53.47,58.04,66.06,56.61,62.51,62.67,51.44,73.25,45.68,50.20,46.40,57.32,63.76,68.91,63.90,63.99,59.38,54.86,54.84,65.09,59.28,56.46,59.16,61.92,58.14,61.94,64.11,58.27,48.62,48.29,61.56,67.79,61.79,53.18,46.46,59.55,51.48,46.42,66.45,55.97,48.83,42.58,42.83,57.42,54.41,42.80,37.57,38.39,50.08,55.88,52.81,46.30,45.75,46.81,43.70,45.14,41.43,43.34,38.66,45.67,41.56,47.74,42.23,51.61,52.44,45.82,40.50,39.56,47.74,54.80,39.06,39.73,43.23,41.88,41.71,44.67,37.64,57.64,62.25,58.37,44.45,57.80,56.20,49.91,38.16,59.39,52.77,62.53,60.65,60.02
60.77,61.80,44.32,55.75,61.19,55.05,55.50,68.13,61.26,64.05,52.84,64.53,54.87,64.62,62.89,57.89,57.33,58.90,63.00,58.83,54.76,68.30,58.55,64.78,60.07,54.90,57.98,73.97,66.90,57.34,70.82,61.66,53.57,65.70,59.41,59.78,67.27,50.13,59.82,51.74,65.42,65.56,62.19,50.87,60.25,54.04,51.07,46.63,63.05,48.86,56.24,40.93,52.65,64.44,54.25,55.82,47.95,50.22,51.03,40.76,49.24,42.82,47.39,47.66,55.36,51.92,36.51,44.59,47.39,43.31,41.37,49.67,43.00,59.19,47.27,48.67,39.16,49.74,53.38,43.61,36.13,40.41,30.94,53.61,53.54,50.02,57.33,53.40,52.66,47.52,49.91,45.82,46.85,45.05,38.86,52.98,47.01,45.32,51.33,44.11
60.53,60.32,53.85,46.62,40.14,47.01,52.05,55.82,74.88,49.08,51.24,64.14,56.18,42.81,58.99,69.29,51.15,66.14,58.83,57.10,64.21,55.56,57.63,56.73,72.40,53.70,56.59,72.38,56.42,73.68,59.92,56.57,67.00,62.21,53.77,67.65,72.78,63.17,61.72,57.73,52.28,46.53,57.37,67.13,59.98,54.02,63.99,59.03,62.25,57.98,49.89,37.89,46.71,57.73,56.89,48.25,44.97,40.61,49.86,59.88,62.04,53.46,47.92,50.48,51.24,51.92,48.04,53.61,49.64,38.94,43.81,56.24,52.23,51.33,41.59,47.85,49.02,43.30,49.09,48.30,47.67,43.11,33.85,50.49,51.93,53.49,60.71,57.24,43.76,45.24,50.28,35.52,37.59,51.18,58.18,59.19,46.21,60.81,41.37,45.30
51.94,58.57,59.84,48.36,44.19,49.88,42.57,54.77,73.33,48.66,52.09,65.87,55.60,45.48,54.88,65.37,55.45,60.29,69.13,55.69,66.71,55.64,60.16,62.29,63.57,58.53,55.59,71.29,55.62,76.13,67.14,65.26,69.22,64.69,61.41,69.59,75.55,63.97,59.13,64.42,48.53,48.86,62.27,57.81,59.98,53.60,55.64,58.49,59.96,56.99,47.10,36.87,50.47,51.00,60.63,48.01,40.21,41.32,56.22,59.75,62.66,48.15,53.87,43.94,38.56,56.42,46.45,54.97,46.60,37.27,45.32,53.45,47.52,50.49,44.68,44.09,46.10,44.23,48.24,50.34,46.04,42.07,36.87,53.43,53.35,51.19,53.75,55.57,45.31,48.07,54.29,44.46,43.09,57.73,60.49,59.24,41.62,59.97,48.03,37.56
